2022-09-15 06:42:50,0x55b11b918355b1ef9c5db810302ebad0bf2544255b530cdce90674d5887bb286
2022-09-15 06:42:53,0xb84f2d01561bdeaee65b05f2ae01613b7f0c9b96dad11d7c150900c8d6b2e97c
2022-09-15 06:43:07,0x37d6cb00caeb698b311709fd4a906b2537972d1827b16c94d8984d012847ed65
2022-09-15 06:43:35,0xc703cc6cb885515eb89ec582431634d4247dac26e62141c2f1b825bd0b08cca4
2022-09-15 06:43:47,0x428ac402e1085ac4a9b01c090128c4f508da0cc399f6c1a0b6596608e8aa38b9
2022-09-15 06:44:15,0x8bd09ca00e65bb652557f8c5a74087be57bba5aa9274d901486e3a4132126733
2022-09-15 06:45:10,0xda15160b28fcde84c9214f6eb2c6bb6e7ed4490c9cb21814b550555854c30582
2022-09-15 06:47:04,0x563c028f418020c683e9e15dd817107c0a4c0cda5df24270e964403161ec9653
2022-09-15 06:47:05,0x36088dfc42bae9f47d4c0ec40c7b25ab8430b1925f3c49627c798f922219eac9
2022-09-15 06:49:18,0xa0335d24dfb5bdeff9fcf5d3dbc7d5430bf1810401768572a6a4ca0df10914e8
2022-09-15 06:59:13,0x608885b3087db03ebe607d1eda025028e2eb5cd17ccaca9de532ee8d29afe248
2022-09-15 07:00:09,0xf4a0c40bbf5dde728e7293f702a89cd0b774b378ac8f120b923970f4f8e0bf4d
2022-09-15 07:02:13,0xd4e981211da4accdcfd589b3df024a699a485854b2b2473938bafd789e4f94eb
2022-09-15 07:07:11,0x1b4bb856cfd35f95221664e8be94a37446753cdcfccadb6dfd979b53abf1464a
2022-09-15 07:09:31,0x01afb40b50c248d81aa6303f0af089edbd2b009238b0559eb737ea82aa28526b
2022-09-15 07:12:28,0x59423c089fe422c88d67318b22fe82bc6e8bcb9bb2ccd8f96fbd0cd12ef3cfd9
2022-09-15 07:18:31,0x9f03e1b32f165d3577b615939836039f986bcb16442b075d744970dfdd9cb7ca
2022-09-15 07:28:49,0xae02f283f2fc5411d8350b7952aecc39e3fe1eb6fe3f930f41fbe05f6f031147
2022-09-15 08:07:48,0xbaed90ff50e8274e4f5d40b15627b670b792556075e1ace8ac38ff400c6a9f35
2022-09-15 08:23:01,0xd56cd6bf3eeaa0e33cce1035c7325b7a04b26c6cf04a1128f66e5d9f3e7a511f
2022-09-15 08:27:46,0x3397fed8572b9d0b38da013d6d5db1fa6e1e1ef4e1615165f6d2c6997793f120
2022-09-15 10:06:59,0x2f9fdac4a9d99e4c2c2825583f6279ffa206ea95187cf752121f7f76d5a4de5b
2022-09-15 10:07:02,0x17263dc8edef50b1aadcfd71d28af798580631ede9aefe46a7129376a44ef0bd
2022-09-15 11:14:48,0x3fb59ed71ead18360e69e678cf45b90f27b4732c6c840e049b6add6f81f3a411
2022-09-15 11:35:27,0x8b434f71ac45e4a43a6db15e67b2cc516762b66ba33b62104aa283694535ffc7
2022-09-15 11:44:55,0x3b1d54af2463f4f6043bf9ccc0913cb3c12c3c77f4755b4a641d519a615513ef
2022-09-15 12:53:59,0x78c1c271074042eaeb85d9650fd4c486cd58ee464810ed1719623620e858cd79
2022-10-07 17:23:03,0x28e995257c50baa01e4456a52c30ae9208635e74ec3bf33abb1520d49ee4a4e6