number,miner,label
15537393,0x5b310960a7922092fdcb9295ece336012f9cf87e,BTC.com Pool 2
15537393,0x829bd824b016326a401d083b33d092293333a830,F2Pool Old
15537394,0xea674fdde714fd979de3edf0f56aa9716b898ec8,Ethermine
15537395,0xc365c3315cf926351ccaf13fa7d19c8c4058c8e1,Binance Pool
15537396,0xea674fdde714fd979de3edf0f56aa9716b898ec8,Ethermine
15537397,0xea674fdde714fd979de3edf0f56aa9716b898ec8,Ethermine
15537398,0x646db8ffc21e7ddc2b6327448dd9fa560df41087,Anon1
15537399,0x6ebaf477f83e055589c1188bcc6ddccd8c9b131a,Anon2
15537400,0xc730b028da66ebb14f20e67c68dd809fbc49890d,Ezil Pool 4
15537401,0xc365c3315cf926351ccaf13fa7d19c8c4058c8e1,Binance Pool
15537402,0xc730b028da66ebb14f20e67c68dd809fbc49890d,Ezil Pool 4
15537403,0x6ebaf477f83e055589c1188bcc6ddccd8c9b131a,Anon2
15537404,0x5fc386e5312f24f9416644db87d215056ed4d55d,Unknown Address1
15537405,0xea674fdde714fd979de3edf0f56aa9716b898ec8,Ethermine
15537406,0xea674fdde714fd979de3edf0f56aa9716b898ec8,Ethermine
15537407,0xea674fdde714fd979de3edf0f56aa9716b898ec8,Ethermine
15537408,0xea674fdde714fd979de3edf0f56aa9716b898ec8,Ethermine
15537409,0x26b3eea1cd34a4aff7ce828a5f71daac042d38e0,Luxor Mining
15537410,0x26b3eea1cd34a4aff7ce828a5f71daac042d38e0,Luxor Mining
15537411,0x5fc386e5312f24f9416644db87d215056ed4d55d,Unknown Address1
15537412,0x26b3eea1cd34a4aff7ce828a5f71daac042d38e0,Luxor Mining
15537414,0x26b3eea1cd34a4aff7ce828a5f71daac042d38e0,Luxor Mining
15537415,0x26b3eea1cd34a4aff7ce828a5f71daac042d38e0,Luxor Mining
15537416,0xf2e3718a3ea5e0af0fbf6de3cc479fd00d54b5dc,Unknown Address2
15537417,0x26b3eea1cd34a4aff7ce828a5f71daac042d38e0,Luxor Mining
15537418,0xf2e3718a3ea5e0af0fbf6de3cc479fd00d54b5dc,Unknown Address2
15537419,0xf2e3718a3ea5e0af0fbf6de3cc479fd00d54b5dc,Unknown Address2
15537420,0x09ab1303d3ccaf5f018cd511146b07a240c70294,Minerall Pool
